in-spellbook,learn-source,name,source,remaster,page,level,traits,traditions,spellLists,cast,components,range,targets,area,duration,savingThrow,entries,heightened,activity,miscTags,trigger,type,Price,Typical-DC
false,thresholds,Know the Way,PC1,True,340,0,"[""cantrip"", ""concentrate"", ""detection"", ""manipulate""]","[""divine"", ""occult"", ""primal""]",,"{""number"": 2, ""unit"": ""action""}",,,,,,,"[""In your mind's eye, you magically reorient yourself. You immediately know which direction is north (if it exists at your current location), and you can choose a location you were at within the last 24 hours and learn what direction it lies.""]","{""X"": {""3"": [""You can choose a location you were at within the last week.""], ""7"": [""You can choose a location you were at regardless of how long ago you were there.""]}}",,,,,2,15
false,thresholds,Void Warp,PC1,True,366,0,"[""cantrip"", ""concentrate"", ""manipulate"", ""void""]","[""arcane"", ""divine"", ""occult""]",,"{""number"": 2, ""unit"": ""action""}",,"{""number"": 30, ""unit"": ""feet""}",1 living creature,,,"{""basic"": true, ""type"": [""F""]}","[""You call upon the Void to harm life force. The target takes {@damage 2d4} void damage with a basic Fortitude save. On a critical failure, the target is also enfeebled 1 until the start of your next turn.""]","{""plusX"": {""1"": [""The damage increases by {@scaledamage 2d4|1-10|1d4}.""]}}",,,,,2,15
false,thresholds,Light,PC1,True,340,0,"[""cantrip"", ""concentrate"", ""light"", ""manipulate""]","[""arcane"", ""divine"", ""occult"", ""primal""]","[""Elemental""]","{""number"": 2, ""unit"": ""action""}",,"{""number"": 120, ""unit"": ""feet""}",,,"{""entry"": ""until your next daily preparations"", ""unit"": ""special""}",,"[""You create an orb of light that sheds {@quickref bright light||3|bright light} in a 20-foot radius (and {@quickref dim light||3|dim light} for the next 20 feet) in a color you choose. If you create the light in the same space as a willing creature, you can attach the light to the creature, causing it to float near that creature as it moves. You can {@action Sustain|PC1} the spell to move the light up to 60 feet; you can attach or detach it from a creature as part of this movement."", ""You can {@action Dismiss|PC1|Dismiss the spell}. If you Cast the Spell while you already have four light spells active, you must choose one of the existing spells to end.""]","{""X"": {""4"": [""The orb sheds {@quickref bright light||3|bright light} in a 60-foot radius (and {@quickref dim light||3|dim light} for the next 60 feet).""]}}",,,,,2,15
false,thresholds,Daze,PC1,True,322,0,"[""cantrip"", ""concentrate"", ""manipulate"", ""mental"", ""nonlethal""]","[""arcane"", ""divine"", ""occult""]",,"{""number"": 2, ""unit"": ""action""}",,"{""number"": 60, ""unit"": ""feet""}",1 creature,,"{""number"": 1, ""unit"": ""round""}","{""type"": [""W""]}","[""You push into the target's mind and daze it with a mental jolt. The jolt deals {@damage 1d6} mental damage, with a basic Will save. If the target critically fails the save, it is also {@condition stunned 1|PC1}.""]","{""plusX"": {""2"": [""The damage increases by {@scaledamage 1d6|1-10|1d6}.""]}}",,,,,2,15
false,thresholds,Detect Magic,PC1,True,323,0,"[""cantrip"", ""concentrate"", ""detection"", ""manipulation""]","[""arcane"", ""divine"", ""occult"", ""primal""]","[""Elemental""]","{""number"": 2, ""unit"": ""action""}",,,,"{""types"": [""Emanation""], ""entry"": ""30-foot emanation""}",,,"[""You send out a pulse that registers the presence of magic. You receive no information beyond the presence or absence of magic. You can choose to ignore magic you're fully aware of, such as the magic items and ongoing spells of you and your allies."", ""You detect illusion magic only if that magic's effect has a lower rank than the rank of your {@spell detect magic|PC1} spell. However, items that have an illusion aura but aren't deceptive in appearance (such as an invisibility potion) typically are detected normally.""]","{""X"": {""3"": [""You learn the rank or level of the most powerful magical effect the spell detects, as determined by the GM.""], ""4"": [""As 3rd level, but you also pinpoint the source of the highest-level magic. Like for an imprecise sense, you don't learn the exact location, but can narrow down the source to within a 5-foot cube (or the nearest if larger than that).""]}}",,,,,2,15
false,thresholds,Electric Arc,PC1,True,328,0,"[""cantrip"", ""concentrate"", ""electricity"", ""manipulate""]","[""arcane"", ""primal""]",,"{""number"": 2, ""unit"": ""action""}",,"{""number"": 30, ""unit"": ""feet""}",1 or 2 creatures,,,"{""type"": [""R""], ""basic"": true}","[""An arc of lightning leaps from one target to another. Each target takes {@damage 2d4} electricity damage with a basic Reflex save.""]","{""plusX"": {""1"": [""The damage increases by {@scaledamage 2d4|1-10|1d4}.""]}}",,,,,2,15
false,thresholds,Telekinetic Hand,PC1,True,362,0,"[""cantrip"", ""concentrate"", ""manipulate""]","[""arcane"", ""occult""]","[""Elemental""]","{""number"": 2, ""unit"": ""action""}",,"{""number"": 30, ""unit"": ""feet""}",1 unattended object of light Bulk or less,,"{""unit"": ""unlimited"", ""sustained"": true}",,"[""You create a floating, magical hand, either {@condition invisible|PC1} or ghostlike, that grasps the target object and levitates it slowly up to 20 feet in any direction. When you {@action Sustain|PC1} the Spell, you can move the object an additional 20 feet. If the object is in the air when the spell ends, the object falls.""]","{""X"": {""3"": [""You can target an unattended object with a Bulk of 1 or less.""], ""5"": [""The range increases to 60 feet, and you can target an unattended object with a Bulk of 1 or less.""], ""7"": [""The range increases to 60 feet, and you can target an unattended object with a Bulk of 2 or less.""]}}",,,,,2,15
false,thresholds,Prestidigitation,PC1,True,351,0,"[""cantrip"", ""concentrate"", ""manipulate""]","[""arcane"", ""divine"", ""occult"", ""primal""]","[""Elemental""]","{""number"": 2, ""unit"": ""action""}",,"{""number"": 10, ""unit"": ""feet""}","1 object (cook, lift, or tidy only)",,"{""unit"": ""unlimited"", ""sustained"": true}",,"[""The simplest magic does your bidding. You can perform simple {@trait magical} effects for as long as you {@action Sustain|PC1} the Spell. Each time you {@action Sustain|PC1} the Spell, you can choose one of four options."", {""type"": ""list"", ""items"": [""{@bold Cook} Cool, warm, or flavor 1 pound of nonliving material."", ""{@bold Lift} Slowly lift an unattended object of light Bulk or less 1 foot off the ground."", ""{@bold Make} Create a temporary object of negligible Bulk, made of congealed magical substance. The object looks crude and artificial and is extremely fragile\u2014it can't be used as a tool, weapon, or spell component."", ""{@bold Tidy} Color, clean, or soil an object of light Bulk or less""]}, ""You can affect an object of 1 Bulk with 10 rounds of concentration, and a larger object a 1 minute per Bulk."", ""Prestidigitation can't deal damage or cause adverse conditions. Any actual change to an object (beyond what is noted above) persists only as long as you {@action Sustain|PC1} the Spell.""]",,,,,,2,15
false,thresholds,Read Aura,PC1,True,352,0,"[""cantrip"", ""concentrate"", ""detection"", ""manipulate""]","[""arcane"", ""divine"", ""occult"", ""primal""]","[""Elemental""]","{""number"": 1, ""unit"": ""minute""}",,"{""number"": 30, ""unit"": ""feet""}",1 object,,,,"[""You focus on the target object, opening your mind to perceive magical auras. When the casting is complete, you know whether that item is {@trait magical}. You or anyone you advise about the aura gains a +2 circumstance bonus to {@action Identify Magic|PC1} on the item. If the object is illusory, you detect this only if the effect's rank is lower than the rank of your read aura spell.""]","{""X"": {""3"": [""You can target up to 10 objects.""], ""6"": [""You can target any number of objects.""]}}",,,,,2,15
false,thresholds,Shield,PC1,True,356,0,"[""cantrip"", ""concentrate"", ""force""]","[""arcane"", ""divine"", ""occult""]","[""Elemental""]","{""number"": 1, ""unit"": ""action""}",,,,,"{""entry"": ""until the start of your next turn"", ""number"": 1, ""unit"": ""round""}",,"[""You raise a magical shield of force. This counts as using the {@action Raise a Shield|PC1} action, giving you a +1 circumstance bonus to AC until the start of your next turn, but it doesn't require a hand to use."", ""While the spell is in effect, you can use the {@feat Shield Block|PC1} reaction with your magic shield. The shield has Hardness 5. You can use the spell's reaction to reduce damage from any spell or magical effect, even if it doesn't deal physical damage. After you use {@feat Shield Block|PC1}, the spell ends and you can't cast it again for 10 minutes.""]","{""plusX"": {""2"": [""The shield Hardness increases by {@scaledamage 5|3,5,7,9|5}.""]}}",,,,,2,15
false,thresholds,Figment,PC1,True,331,0,"[""cantrip"", ""concentrate"", ""illusion"", ""manipulate"", ""subtle""]","[""arcane"", ""occult""]",,"{""number"": 2, ""unit"": ""action""}",,"{""number"": 30, ""unit"": ""feet""}",,,"{""unit"": ""unlimited"", ""sustained"": true}",,"[""You create a simple illusory sound or vision. A sound adds the {@trait auditory} trait to the spell and the sound can't include intelligible words or elaborate music. A vision adds the {@trait visual} trait, can be no larger than a 5-foot cube, and is clearly crude and undetailed if viewed from within 15 feet. When you Cast or {@action Sustain|PC1} the Spell, you can attempt to {@action Create a Diversion|PC1} with the illusion, gaining a +2 circumstance bonus to your {@skill Deception|PC1} check. If the attempt fails against a creature, that creature disbelieves the figment.""]",,,,,,2,15
false,thresholds,Alarm,PC1,True,314,1,"[""concentrate"", ""manipulate""]","[""arcane"", ""divine"", ""occult"", ""primal""]",,"{""number"": 10, ""unit"": ""minute""}",,"{""number"": 1, ""unit"": ""touch""}",,"{""types"": [""Burst""], ""entry"": ""20-foot burst""}","{""number"": 8, ""unit"": ""hour""}",,"[""You ward an area to alert you when creatures enter without your permission. When you cast {@spell alarm|PC1}, select a password. Whenever a Small or larger corporeal creature enters the spell's area without speaking the password, alarm sends your choice of a mental alert (in which case the spell gains the {@trait mental} trait) or an audible alarm with the sound and volume of a hand bell (in which case the spell gains the {@trait auditory} trait). Either option automatically awakens you, and the bell allows each creature in the area to attempt a DC 15 {@skill Perception|PC1} check to wake up. A creature aware of the alarm must succeed at a {@skill Stealth|PC1} check against the spell's DC or trigger the spell when moving into the area.""]","{""X"": {""3"": [""You can specify criteria for which creatures sound the {@spell alarm|PC1} spell\u2014for instance, orcs or masked people.""]}}",,,,,2,15
false,thresholds,Charm,PC1,True,320,1,"[""concentrate"", ""emotion"", ""incapacitation"", ""manipulate"", ""mental""]","[""arcane"", ""occult"", ""primal""]",,"{""number"": 2, ""unit"": ""action""}",,"{""number"": 30, ""unit"": ""feet""}",1 creature,,"{""dismiss"": true, ""number"": 1, ""unit"": ""hour""}","{""type"": [""W""]}","[""To the target, your words are honey and your visage seems bathed in a dreamy haze. It must attempt a Will save, with a +4 circumstance bonus if you or your allies recently threatened it or used {@condition hostile|PC1} actions against it."", ""You can {@action Dismiss|PC1} the spell. If you use {@condition hostile|PC1} actions against the target, the spell ends. When the spell ends, the target doesn't necessarily realize it was charmed unless its friendship with you or the actions you convinced it to take clash with its expectations, meaning you could potentially convince the target to continue being your friend via mundane means."", {""type"": ""successDegree"", ""entries"": {""Critical Success"": ""The target is unaffected and aware you tried to charm it."", ""Success"": ""The target is unaffected but thinks your spell was something harmless instead of charm, unless it identifies the spell (see Identifying Spells on page 305)."", ""Failure"": ""The target's attitude becomes {@condition friendly|PC1} toward you. If it was {@condition friendly|PC1}, it becomes {@condition helpful|PC1}. It can't use {@condition hostile|PC1} actions against you."", ""Critical Failure"": ""The target's attitude becomes {@condition helpful|PC1} toward you, and it can't use {@condition hostile|PC1} actions against you.""}}]","{""X"": {""4"": [""The duration lasts until your next daily preparations.""], ""8"": [""The duration lasts until your next daily preparations, and you can target up to 10 creatures.""]}}",,,,,2,15
false,thresholds,Dizzying Colors,PC1,True,326,1,"[""concentrate"", ""illusion"", ""incapacitation"", ""manipulate"", ""visual""]","[""arcane"", ""occult""]",,"{""number"": 2, ""unit"": ""action""}",,,,"{""types"": [""Cone""], ""entry"": ""15-foot cone""}","{""entry"": ""1 or more rounds (see below)"", ""number"": 1, ""unit"": ""round""}","{""type"": [""W""]}","[""You unleash a swirling multitude of colors that overwhelms creatures based on their Will saves."", {""type"": ""successDegree"", ""entries"": {""Critical Success"": ""The creature is unaffected."", ""Success"": ""The creature is {@condition dazzled|PC1} for 1 round."", ""Failure"": ""The creature is {@condition stunned 1|PC1}, {@condition blinded|PC1} for 1 round, and {@condition dazzled|PC1} for 1 minute."", ""Critical Failure"": ""The creature is {@condition stunned|PC1} for 1 round and {@condition blinded|PC1} for 1 minute.""}}]",,,,,,2,15
false,thresholds,Mystic Armor,PC1,True,346,1,"[""concentrate"", ""manipulate""]","[""arcane"", ""divine"", ""occult"", ""primal""]","[""Elemental""]","{""number"": 2, ""unit"": ""action""}",,,,,"{""entry"": ""until your next daily preparations"", ""unit"": ""special""}",,"[""You ward yourself with shimmering magical energy, gaining a +1 item bonus to AC and a maximum Dexterity modifier of +5. While wearing mystic armor, you use your unarmored proficiency to calculate your AC.""]","{""X"": {""4"": [""You gain a +1 item bonus to saving throws.""], ""6"": [""The item bonus to AC increases to +2, and you gain a +1 item bonus to saving throws.""], ""8"": [""The item bonus to AC increases to +2, and you gain a +2 item bonus to saving throws.""], ""10"": [""The item bonus to AC increases to +3, and you gain a +3 item bonus to saving throws.""]}}",,,,,2,15
false,thresholds,Force Barrage,PC1,True,332,1,"[""concentrate"", ""force"", ""manipulate""]","[""arcane"", ""occult""]",,"{""number"": 1, ""unit"": ""varies"", ""entry"": ""{@as 1} to {@as 3}""}",,"{""number"": 120, ""unit"": ""feet""}",1 creature,,,,"[""You fire a shard of solidified magic toward a creature that you can see. It automatically hits and deals {@damage 1d4+1} force damage. For each additional action you use when Casting the Spell, increase the number of shards you shoot by one, to a maximum of three shards for 3 actions. You choose the target for each shard individually. If you shoot more than one shard at the same target, combine the damage before applying bonuses or penalties to damage, resistances, weaknesses, and so forth.""]","{""plusX"": {""2"": [""You fire one additional shard with each action you spend.""]}}",,,,,2,15
false,thresholds,Sure Strike,PC1,True,361,1,"[""concentrate"", ""fortune""]","[""arcane"", ""occult""]",,"{""number"": 1, ""unit"": ""action""}",,,,,"{""entry"": ""until the end of your turn"", ""number"": 1, ""unit"": ""turn""}",,"[""A glimpse into the future ensures your next blow strikes true. The next time you make an attack roll before the end of your turn, roll the attack twice and use the better result. The attack ignores circumstance penalties to the attack roll and any flat check required due to the target being {@condition concealed|PC1} or {@condition hidden|PC1}.""]",,,,,,2,15
false,thresholds,Phantasmal Minion,PC1,True,349,1,"[""concentrate"", ""manipulate"", ""summon""]","[""arcane"", ""occult""]",,"{""number"": 3, ""unit"": ""action""}",,"{""number"": 60, ""unit"": ""feet""}",,,"{""unit"": ""unlimited"", ""sustained"": true}",,"[""You summon a {@creature phantasmal minion|crb} (see below). The minion is roughly the shape of a humanoid. You can choose to have it be {@condition invisible|PC1} or have an ephemeral appearance, but it's obviously a {@trait magical} effect, not a real creature."", {""type"": ""pf2-sample-box"", ""name"": """", ""entries"": [{""type"": ""data"", ""tag"": ""creature"", ""name"": ""Phantasmal Minion"", ""source"": ""PC1""}]}]",,,"[""SM""]",,,2,15
false,thresholds,Translate,PC1,True,363,2,"[""concentrate"", ""manipulate""]","[""arcane"", ""divine"", ""occult""]",,"{""number"": 2, ""unit"": ""action""}",,"{""number"": 30, ""unit"": ""feet""}",1 creature,,"{""number"": 1, ""unit"": ""hour""}",,"[""The target can understand the meaning of a single language it is hearing or reading when you cast the spell. This doesn't let it understand codes, language couched in metaphor, and the like (subject to GM discretion). If the target can hear multiple languages and knows that, it can choose which language to understand; otherwise, choose one of the languages randomly.""]","{""X"": {""3"": [""The target can also speak the language.""], ""4"": [""You can target up to 10 creatures, and targets can also speak the language.""]}}",,,,,6,18
false,thresholds,Dispel Magic,PC1,True,325,2,"[""concentrate"", ""manipulate""]","[""arcane"", ""divine"", ""occult"", ""primal""]","[""Elemental""]","{""number"": 2, ""unit"": ""action""}",,"{""number"": 120, ""unit"": ""feet""}",1 spell effect or unattended magic item,,,,"[""You unravel the magic behind a spell or effect. Attempt a {@quickref counteract||3|counteracting} check against the target. If you succeed against a spell effect, you counteract it. If you succeed against a magic item, the item becomes a mundane item of its type for 10 minutes. This doesn't change the item's non-magical properties. If the target is an {@trait artifact} or similar item, you automatically fail.""]",,,,,,6,18
false,thresholds,False Vitality,PC1,True,331,2,"[""concentrate"", ""manipulate""]","[""arcane"", ""occult""]",,"{""number"": 2, ""unit"": ""action""}",,,,,"{""number"": 8, ""unit"": ""hour""}",,"[""You augment your flesh with the energies typically used to manipulate the undead. You gain 10 temporary Hit Points.""]","{""plusX"": {""1"": [""The temporary Hit Points increase by {@scaledamage 10|2-10|3}.""]}}",,"[""THP""]",,,6,18
false,thresholds,Revealing Light,PC1,True,353,2,"[""concentrate"", ""light"", ""manipulate""]","[""arcane"", ""divine"", ""occult"", ""primal""]","[""Elemental""]","{""number"": 2, ""unit"": ""action""}",,"{""number"": 120, ""unit"": ""feet""}",,"{""types"": [""Burst""], ""entry"": ""10-foot burst""}","{""entry"": ""varies"", ""unit"": ""special""}",,"[""A wave of magical light washes over the area. You choose the appearance of the light, such as colorful, heatless flames or sparkling motes. A creature affected by revealing light is {@condition dazzled|PC1}. If the creature was {@condition invisible|PC1}, it becomes {@condition concealed|PC1} instead. If the creature was already {@condition concealed|PC1} for any other reason, it is no longer concealed."", {""type"": ""successDegree"", ""entries"": {""Critical Success"": ""The target is unaffected."", ""Success"": ""The light affects the creature for 2 rounds."", ""Failure"": ""The light affects the creature for 1 minute."", ""Critical Failure"": ""The light affects the creature for 10 minutes.""}}]",,,,,,6,18
false,thresholds,Web,PC2,True,255,2,"[""concentrate"", ""manipulate""]","[""arcane"", ""primal""]",,"{""number"": 3, ""unit"": ""action""}",,"{""unit"": ""feet"", ""number"": 30}",,"{""entry"": ""10-foot burst"", ""types"": [""Burst""]}","{""number"": 1, ""unit"": ""minute""}",,"[""You create a sticky web in the area that impedes creatures' movement. Squares filled with the web are difficult terrain. Each time a creature in the web begins to use a move action or enters the web during a move action it's using, it must attempt an {@skill Athletics|PC1} check or Reflex save against your spell DC to avoid taking a circumstance penalty to its Speeds or becoming {@condition immobilized|PC1}. A creature that gets out of the web ceases to take a circumstance penalty to its Speed from the web."", ""Each square can be cleared of the web by a single attack or effect that deals at least 5 slashing damage or 1 fire damage. A square has AC 5, and it automatically fails its saving throws."", {""type"": ""successDegree"", ""entries"": {""Critical Success"": [""The creature is unaffected, and it doesn't need to attempt further {@skill Athletics|PC1} checks or saving throws against the web this turn. If it used an {@skill Athletics|PC1} check, it clears the web from every square it leaves during its movement.""], ""Success"": [""The creature is unaffected during its action. If it used an {@skill Athletics|PC1} check, it clears the web from every square it leaves during its movement.""], ""Failure"": [""The creature takes a \u221210-foot circumstance penalty to its Speeds until the start of its next turn.""], ""Critical Failure"": [""The creature is {@condition immobilized|PC1} until the start of its next turn, after which it takes a \u221210-foot circumstance penalty to its Speeds for 1 round. It can attempt to {@action Escape|PC1} to remove its {@condition immobilized|PC1} condition.""]}}]","{""X"": {""4"": [""The spell's area increases to a 20-foot burst, and its range increases to 60 feet.""]}}",,,,,6,18
false,thresholds,Haste,PC1,True,335,3,"[""concentrate"", ""manipulate""]","[""arcane"", ""occult"", ""primal""]",,"{""number"": 2, ""unit"": ""action""}",,"{""number"": 30, ""unit"": ""feet""}",1 creature,,"{""number"": 1, ""unit"": ""minute""}",,"[""Magic empowers the target to act faster. It gains the {@condition quickened|PC1} condition and can use the extra action each round only for {@action Strike|PC1} and {@action Stride|PC1} actions.""]","{""X"": {""7"": [""You can target up to 6 creatures.""]}}",,,,,16,20
false,thresholds,Lightning Bolt,PC1,True,341,3,"[""concentrate"", ""electricity"", ""manipulate""]","[""arcane"", ""primal""]",,"{""number"": 2, ""unit"": ""action""}",,,,"{""types"": [""Line""], ""entry"": ""120-foot line""}",,"{""type"": [""R""], ""basic"": true}","[""A bolt of lightning strikes outward from your hand, dealing {@damage 4d12} electricity damage.""]","{""plusX"": {""1"": [""The damage increases by {@scaledamage 4d12|3-10|1d12}.""]}}",,,,,16,20
false,thresholds,Locate,PC1,True,341,3,"[""uncommon"", ""concentrate"", ""detection"", ""manipulate""]","[""arcane"", ""divine"", ""occult""]",,"{""number"": 10, ""unit"": ""minute""}",,"{""number"": 500, ""unit"": ""feet""}",1 specific object or type of object,,"{""unit"": ""unlimited"", ""sustained"": true}",,"[""You learn the direction to the target (if you picked a specific object, such as \""my mother's sword\"") or the nearest target (if you picked a type of object, such as \""swords\""). If the target is a specific object, you must have {@condition observed|PC1} it directly with your own senses. If it's a type of object, you still need to have an accurate mental image of the type of object. If there's lead or running water between you and the target, this spell can't locate the object. This means you might find a type of object farther away if the nearest one is behind lead or running water.""]","{""X"": {""5"": [""You can target a specific creature or ancestry instead of an object, but you must have met or seen up close the creature or ancestry you want to target.""]}}",,,,,16,20
false,thresholds,Paralyze,PC1,True,348,3,"[""concentrate"", ""incapacitation"", ""manipulate"", ""mental""]","[""arcane"", ""occult""]",,"{""number"": 2, ""unit"": ""action""}",,"{""number"": 30, ""unit"": ""feet""}",1 creature,,"{""entry"": ""varies"", ""unit"": ""special""}","{""type"": [""W""]}","[""You block the target's motor impulses before they can leave its mind, freezing the target in place. The target must attempt a Will save."", {""type"": ""successDegree"", ""entries"": {""Critical Success"": ""The target is unaffected."", ""Success"": ""The target is {@condition stunned 1|PC1}."", ""Failure"": ""The target is {@condition paralyzed|PC1} for 1 round."", ""Critical Failure"": ""The target is {@condition paralyzed|PC1} for 4 rounds. At the end of each of its turns, it can attempt a new Will save to reduce the remaining duration by 1 round, or end it entirely on a critical success.""}}]","{""X"": {""7"": [""You can target up to 10 creatures.""]}}",,,,,16,20
false,thresholds,Slow,PC1,True,357,3,"[""concentrate"", ""manipulate""]","[""arcane"", ""occult"", ""primal""]",,"{""number"": 2, ""unit"": ""action""}",,"{""number"": 30, ""unit"": ""feet""}",1 creature,,"{""entry"": ""varies"", ""number"": 1, ""unit"": ""minute""}","{""type"": [""F""]}","[""You dilate the flow of time around the target, slowing its actions."", {""type"": ""successDegree"", ""entries"": {""Critical Success"": ""The target is unaffected."", ""Success"": ""The target is {@condition slowed 1|PC1} for 1 round."", ""Failure"": ""The target is {@condition slowed 1|PC1} for 1 minute."", ""Critical Failure"": ""The target is {@condition slowed 2|PC1} for 1 minute.""}}]","{""X"": {""6"": [""You can target up to 10 creatures.""]}}",,,,,16,20
true,spells-arcane-class,Eat Fire,RoE,True,119,0,"[""cantrip"", ""fire"", ""manipulate""]","[""arcane"", ""occult"", ""primal""]",,"{""number"": 1, ""unit"": ""reaction""}","[[""S"", ""V""]]",,,,"{""unit"": ""turn"", ""entry"": ""until the end of your next turn""}",,"[""You consume and ingest fire, making it less harmful to you. You gain resistance 5 to fire damage until the end of the current turn. During the remaining duration of the spell, you can use the Belch Smoke action. The spell ends if you fall {@condition unconscious}, inhale, or exhale (this includes speaking)."", ""{@b Belch Smoke} {@as 1} You exhale what remains of the smoke, ending the spell and creating a smoke cloud in a 5-foot burst within 20 feet. All creatures within the smoke cloud are {@condition concealed}, and all other creatures are {@condition concealed} to them. The smoke lasts for 1 minute or until dispersed by a strong wind.""]","{""plusX"": {""3"": [""The resistance increases by 5.""]}}",,,You would take fire damage,,2,15
true,spells-arcane-class,Puff of Poison,SoM,False,124,0,"[""cantrip"", ""evocation"", ""inhaled"", ""poison""]","[""arcane"", ""primal""]",,"{""number"": 2, ""unit"": ""action""}","[[""S"", ""V""]]","{""number"": 5, ""unit"": ""feet""}",1 creature,,,"{""type"": [""F""]}","[""You exhale a shimmering cloud of toxic breath at an enemy's face. The target takes poison damage equal to your spellcasting modifier and 2 {@condition persistent damage||persistent poison damage}, depending on its Fortitude save."", {""type"": ""successDegree"", ""entries"": {""Critical Success"": ""The creature is unaffected."", ""Success"": ""The target takes half initial and {@condition persistent damage}."", ""Failure"": ""The target takes full initial and {@condition persistent damage}."", ""Critical Failure"": ""The target takes double initial and {@condition persistent damage}.""}}]","{""plusX"": {""2"": [""The initial poison damage increases by {@damage 1d8} and the {@condition persistent damage||persistent poison damage} increases by 1.""]}}",,,,,2,15
true,spells-arcane-class,Scatter Scree,SoM,False,127,0,"[""cantrip"", ""earth"", ""evocation""]","[""arcane"", ""primal""]","[""Elemental""]","{""number"": 2, ""unit"": ""action""}","[[""S"", ""V""]]","{""number"": 30, ""unit"": ""feet""}",,"{""types"": [""Misc.""], ""entry"": ""two contiguous 5-foot cubes""}","{""number"": 1, ""unit"": ""minute""}","{""type"": [""R""], ""basic"": true}","[""You evoke a jumble of rocks in the area. The scattering rocks deal bludgeoning damage equal to {@dice 1d4} plus your spellcasting ability modifier to creatures in the area, with a basic Reflex save. The ground in the area becomes {@quickref difficult terrain||3|terrain} for the duration. A creature can {@action Interact} to clear a square of this scree."", ""If you cast this spell again, any previous scatter scree you have cast ends.""]","{""plusX"": {""1"": [""The damage increases by {@damage 1d4}.""]}}",,,,,2,15
true,spells-arcane-class,Warp Step,DA,False,107,0,"[""cantrip"", ""conjuration""]","[""arcane"", ""occult""]",,"{""number"": 2, ""unit"": ""action""}","[[""S"", ""V""]]",,,,,,"[""When you walk, the earth warps beneath your feet\u2014your steps extend, distance contracts, and everything is just a little bit closer. You gain a +5-foot status bonus to your Speed until the end of your turn. You then {@action Stride} twice. You can use warp step to {@action Burrow}, {@action Climb}, {@action Fly}, or {@action Swim} instead of {@action Stride} if you have the corresponding movement type.""]",,,,,,2,15
true,spells-arcane-class,Message,PC1,True,343,0,"[""auditory"", ""cantrip"", ""concentrate"", ""illusion"", ""linguistic"", ""mental"", ""subtle""]","[""arcane"", ""divine"", ""occult""]","[""Elemental""]","{""number"": 1, ""unit"": ""action""}",,"{""number"": 120, ""unit"": ""feet""}",1 creature,,"{""entry"": ""see below"", ""unit"": ""special""}",,"[""You mouth words quietly, but instead of coming out of your mouth, they're transferred directly to the ears of the target. While others can't hear your words any better than if you normally mouthed them, the target can hear your words as if they were standing next to you. The target can give a brief response as a reaction, or as a free action on their next turn if they wish, but they must be able to see you and be within range to do so. If they respond, their response is delivered directly to your ear, just like the original message.""]","{""X"": {""3"": [""The spell's range increases to 500 feet.""]}}",,,,,2,15
true,spells-arcane-class,Sigil,PC1,True,357,0,"[""cantrip"", ""concentrate"", ""manipulate""]","[""arcane"", ""divine"", ""occult"", ""primal""]","[""Elemental""]","{""number"": 2, ""unit"": ""action""}",,"{""number"": 1, ""unit"": ""touch""}",1 creature or object,,"{""entry"": ""unlimited (see below)"", ""unit"": ""unlimited""}",,"[""You harmlessly place your unique magical sigil, which is about 1 square inch in size, on the targeted creature or object. The mark can be visible or {@condition invisible|PC1}, and you can change it from one state to another by using an {@action Interact|PC1} action to touch the target. The mark can be scrubbed or scraped off with 5 minutes of work. If it's on a creature, it fades naturally over the course of a week. The time before the mark fades increases depending on your heightened level.""]","{""X"": {""3"": [""The sigil instead fades after 1 month.""], ""5"": [""The sigil instead fades after 1 year.""], ""7"": [""The sigil never fades.""]}}",,,,,2,15
true,spells-arcane-class,Take Root,RoE,True,198,0,"[""cantrip"", ""manipulate"", ""plant"", ""wood""]","[""arcane"", ""primal""]",,"{""number"": 1, ""unit"": ""action""}","[[""S"", ""V""]]","{""unit"": ""feet"", ""number"": 30}",1 willing creature,,"{""number"": 1, ""unit"": ""round""}",,"[""Roots sprout from the flesh of the target and coil across the floor or around objects, reinforcing their stance or grip. The targeted creature gains a +1 circumstance bonus to their Fortitude DC against attempts to {@action Shove} them and a +1 circumstance bonus to their Reflex DC against attempts to {@action Disarm} or {@action Trip} them. This bonus also applies to saving throws against spells or effects that would attempt to remove a held item from their grasp.""]",,,,,,2,15
true,spells-arcane-class,Ray of Frost,CRB,False,362,0,"[""attack"", ""cantrip"", ""cold"", ""evocation""]","[""arcane"", ""primal""]",,"{""number"": 2, ""unit"": ""action""}","[[""S"", ""V""]]","{""number"": 120, ""unit"": ""feet""}",1 creature,,,,"[""You blast an icy ray. Make a spell attack roll. The ray deals cold damage equal to {@dice 1d4} + your spellcasting ability modifier."", {""type"": ""successDegree"", ""entries"": {""Critical Success"": ""The target takes double damage and takes a \u201310-foot status penalty to its Speeds for 1 round."", ""Success"": ""The target takes normal damage.""}}]","{""plusX"": {""1"": [""The damage increases by {@damage 1d4}.""]}}",,,,,2,15
true,spells-arcane-class,Ignition,PC1,True,336,0,"[""attack"", ""cantrip"", ""concentrate"", ""fire"", ""manipulate""]","[""arcane"", ""primal""]","[""Elemental""]","{""number"": 2, ""unit"": ""action""}",,"{""number"": 30, ""unit"": ""feet""}",1 creature,,,"{""type"": [""AC""]}","[""You snap your fingers and point at a target, which begins to smolder. Make a spell attack roll against the target's AC, dealing {@damage 2d4} ({@damage 2d6} if melee) fire damage on a hit. If the target is within your melee reach, you can choose to make a melee spell attack with the flame instead of a ranged spell attack, which increases all the spell's damage dice to d6s."", {""type"": ""successDegree"", ""entries"": {""Critical Success"": ""The target takes double damage and {@damage 1d4} ({@damage 1d6} if melee) persistent fire damage."", ""Success"": ""The target takes full damage.""}}]","{""plusX"": {""1"": [""Increase the damage by {@scaledamage 2d4|1-10|1d4} ({@scaledamage 2d6|1-10|1d6} if melee) and the {@condition persistent damage|PC1} on a critical hit by {@scaledamage 2d4|1-10|1d4} ({@scaledamage 2d6|1-10|1d6} if melee).""]}}",,,,,2,15
true,spells-arcane-class,Slashing Gust,RoE,True,71,0,"[""air"", ""attack"", ""cantrip"", ""concentrate"", ""manipulate""]","[""arcane"", ""primal""]",,"{""number"": 2, ""unit"": ""action""}","[[""S"", ""V""]]","{""unit"": ""feet"", ""number"": 60}",1 or 2 creatures,,,,"[""You slash your hand through the air, channeling miniature ripples of air from each finger to slice your enemy. If you have two hands free, you can target two creatures with this spell; otherwise, you target one."", ""Make a spell attack roll against each target's AC. This deals {@damage 2d4} slashing damage. On a critical success, a target also takes {@damage 1d4} {@condition persistent damage||persistent bleed damage}. If you're attacking two creatures, this counts as two attacks for your multiple attack penalty, but the penalty doesn't increase until after both attacks."", {""type"": ""successDegree"", ""entries"": {""Critical Success"": [""The target takes double damage and {@damage 1d4} {@condition persistent damage||persistent bleed damage}.""], ""Success"": [""The target takes full damage.""]}}]","{""plusX"": {""1"": [""The damage increases by {@damage 1d4}, and the {@condition persistent damage} on a critical hit increases by {@dice 1d4}.""]}}",,,,,2,15
true,spells-arcane-class,Needle Darts,RoE,True,144,0,"[""attack"", ""cantrip"", ""concentrate"", ""manipulate"", ""metal""]","[""arcane"", ""divine"", ""occult"", ""primal""]",,"{""number"": 2, ""unit"": ""action""}","[[""S"", ""V""]]","{""unit"": ""feet"", ""number"": 60}",1 creature,,,,"[""You shape three needles out of a piece of metal in your possession and send them flying in a tight group toward one target. Make a spell attack roll against your target's AC."", ""The needles deal {@damage 3d4} piercing damage and might cause bleeding. The needles impart any special properties of the metal that forms them; for instance, cold iron needles deal additional damage to creatures with weakness to cold iron. All the needles are made of the same metal, and the metal returns to you after the attack."", {""type"": ""successDegree"", ""entries"": {""Critical Success"": [""The target takes double damage and 1 {@condition persistent damage||persistent bleed damage}.""], ""Success"": [""The target takes full damage.""]}}]","{""plusX"": {""1"": [""You send one additional needle, increasing the regular damage by {@dice 1d4} and increasing the {@condition persistent damage||persistent bleed damage} on a critical hit by 1.""]}}",,,,,2,15
true,spells-arcane-class,Telekinetic Projectile,PC1,True,363,0,"[""attack"", ""cantrip"", ""concentrate"", ""manipulate""]","[""arcane"", ""occult""]",,"{""number"": 2, ""unit"": ""action""}",,"{""number"": 30, ""unit"": ""feet""}",1 creature,,,"{""type"": [""AC""]}","[""You hurl a loose, unattended object that is within range and that has 1 Bulk or less at the target. Make a spell attack roll against the target's AC. If you hit, you deal {@damage 2d6} bludgeoning, piercing, or slashing damage\u2014as appropriate for the object you hurled. No specific traits or magic properties of the hurled item affect the attack or the damage."", {""type"": ""successDegree"", ""entries"": {""Critical Success"": ""You deal double damage."", ""Success"": ""You deal full damage.""}}]","{""plusX"": {""1"": [""The damage increases by {@scaledamage 2d6|1-10|1d6}.""]}}",,,,,2,15
true,spells-arcane-class,Command,PC1,True,321,1,"[""auditory"", ""concentrate"", ""linguistic"", ""manipulate"", ""mental""]","[""arcane"", ""divine"", ""occult""]",,"{""number"": 2, ""unit"": ""action""}",,"{""number"": 30, ""unit"": ""feet""}",1 creature,,"{""entry"": ""until the end of the target's next turn"", ""number"": 1, ""unit"": ""turn""}","{""type"": [""W""]}","[""You shout a command that's hard to ignore. You can command the target to approach you, run away (as if it had the {@condition fleeing|PC1} condition), release what it's holding, {@action Drop Prone|PC1}, or stand in place. It can't {@action Delay|PC1} or take any reactions until it has obeyed your command. The effects depend on the target's Will save."", {""type"": ""successDegree"", ""entries"": {""Success"": ""The creature is unaffected."", ""Failure"": ""For the first action on its next turn, the creature must use a single action to do as you command."", ""Critical Failure"": ""The target must use all its actions on its next turn to obey your command.""}}]","{""X"": {""5"": [""You can target up to 10 creatures.""]}}",,,,,2,15
true,spells-arcane-class,Fear,PC1,True,331,1,"[""concentrate"", ""emotion"", ""fear"", ""manipulate"", ""mental""]","[""arcane"", ""divine"", ""occult"", ""primal""]",,"{""number"": 2, ""unit"": ""action""}",,"{""number"": 30, ""unit"": ""feet""}",1 creature,,"{""entry"": ""varies"", ""unit"": ""special""}","{""type"": [""W""]}","[""You plant fear in the target; it must attempt a Will save."", {""type"": ""successDegree"", ""entries"": {""Critical Success"": ""The target is unaffected."", ""Success"": ""The target is {@condition frightened 1|PC1}."", ""Failure"": ""The target is {@condition frightened 2|PC1}."", ""Critical Failure"": ""The target is {@condition frightened 3|PC1} and {@condition fleeing|PC1} for 1 round.""}}]","{""X"": {""3"": [""You can target up to five creatures.""]}}",,,,,2,15
true,spells-arcane-class,Illusory Object,PC1,True,337,1,"[""concentrate"", ""illusion"", ""manipulate"", ""visual""]","[""arcane"", ""occult""]",,"{""number"": 2, ""unit"": ""action""}",,"{""number"": 500, ""unit"": ""feet""}",,"{""types"": [""Burst""], ""entry"": ""20-foot burst""}","{""number"": 10, ""unit"": ""minute""}",,"[""You create an illusory visual image of a stationary object. The entire image must fit within the spell's area. The object appears to animate naturally, but it doesn't make sounds or generate smells. For example, water would appear to pour down an illusory waterfall, but it would be silent."", ""Any creature that touches the image or uses the {@action Seek|PC1} action to examine it can attempt to {@quickref disbelieve your illusion|CRB|2|disbelieving illusions|0}.""]","{""X"": {""2"": [""Your image makes appropriate sounds, generates normal smells, and feels right to the touch. The spell gains the {@trait auditory} and {@trait olfactory} trait. The duration increases to 1 hour.""], ""5"": [""As the 2nd-level version, but the duration is unlimited.""]}}",,,,,2,15
true,spells-arcane-class,Interposing Earth,RoE,True,95,1,"[""earth"", ""manipulate""]","[""arcane"", ""primal""]",,"{""number"": 1, ""unit"": ""reaction""}","[[""S"", ""V""]]",,,,"{""number"": 3, ""unit"": ""round""}",,"[""You raise a flimsy barrier of earth to shield you from harm. This barrier is 1 inch thick, 5 feet long, 5 feet high, and must be placed on the border between two squares. This barrier appears between you and the source of the triggering effect and grants you standard cover against the triggering effect. If you would be damaged by the triggering effect despite this barrier, the barrier is destroyed, and the damage dealt to you is reduced by 2. The barrier remains in place for 3 rounds (or until destroyed). It has AC 5, 2 Hardness, and 5 Hit Points.""]","{""X"": {""4"": [""The damage reduced increases to 8, the barrier's hardness increases to 8, and the barrier's Hit Points increases to 20.""]}}",,,You are the target of a {@action Strike} or would attempt a Reflex save against a damaging area effect.,,2,15
true,spells-arcane-class,Runic Body,PC1,True,354,1,"[""concentrate"", ""manipulate""]","[""arcane"", ""divine"", ""occult"", ""primal""]",,"{""number"": 2, ""unit"": ""action""}",,"{""number"": 1, ""unit"": ""touch""}",1 willing creature,,"{""number"": 1, ""unit"": ""minute""}",,"[""Glowing runes appear on the target's body. All its unarmed attacks become {@item +1 weapon potency|PC1|+1} {@item striking|PC1} unarmed attacks, gaining a +1 item bonus to attack rolls and increasing the number of damage dice to two.""]","{""X"": {""6"": [""The unarmed attacks are {@item +2 weapon potency|PC1|+2} {@item greater striking|PC1}.""], ""9"": [""The unarmed attacks are {@item +3 weapon potency|PC1|+3} {@item major striking|PC1}.""]}}",,,,,2,15
true,spells-arcane-class,Runic Weapon,PC1,True,354,1,"[""concentrate"", ""manipulate""]","[""arcane"", ""divine"", ""occult"", ""primal""]","[""Elemental""]","{""number"": 2, ""unit"": ""action""}",,"{""number"": 1, ""unit"": ""touch""}",1 weapon that is unattended or wielded by a willing creature,,"{""number"": 1, ""unit"": ""minute""}",,"[""The weapon glimmers with magic and energy. The target becomes a {@item +1 weapon potency|PC1|+1} {@item striking|PC1} weapon, gaining a +1 item bonus to attack rolls and increasing the number of weapon damage dice to two.""]","{""X"": {""6"": [""The weapon is {@item +2 weapon potency|PC1|+2} {@item greater striking|PC1}.""], ""9"": [""The weapon is {@item +3 weapon potency|PC1|+3} {@item major striking|PC1}.""]}}",,,,,2,15
true,spells-arcane-class,Briny Bolt,GW2,False,80,1,"[""attack"", ""evocation"", ""water""]","[""arcane"", ""primal""]",,"{""number"": 2, ""unit"": ""action""}","[[""S"", ""V""]]","{""unit"": ""feet"", ""number"": 60}",1 creature,,,,"[""You hurl a bolt of saltwater from your extended hand. Make a ranged spell attack against a target within range."", {""type"": ""successDegree"", ""entries"": {""Critical Success"": [""The creature takes {@damage 4d6} bludgeoning damage and is {@condition blinded} for 1 round and {@condition dazzled} for 1 minute as saltwater sprays into its eyes. The creature can spend an {@action Interact} action to rub its eyes and end the {@condition blinded} condition, but not the {@condition dazzled} condition.""], ""Success"": [""The creature takes {@damage 2d6} bludgeoning damage and is {@condition blinded} for 1 round. The creature can spend an {@action Interact} action wiping the salt water from its eyes to end the {@condition blinded} condition.""]}}]","{""plusX"": {""1"": [""The damage increases by {@damage 2d6}.""]}}",,,,,2,15
true,spells-arcane-class,Pocket Library,SoM,False,122,1,"[""divination"", ""extradimensional""]","[""arcane"", ""occult""]",,"{""number"": 3, ""unit"": ""action""}","[[""M"", ""S"", ""V""]]",,,,"{""number"": 24, ""unit"": ""hour""}",,"[""You collect information from the world's libraries about a particular subject and store it in an extradimensional library."", ""When you {@action Cast a Spell||Cast this Spell}, choose any skill in which you are at least trained that has the {@action Recall Knowledge} action."", ""During the duration of this spell, you can call forth a tome from the extradimensional library when attempting a {@action Recall Knowledge} check using your chosen skill. This is part of the action to {@action Recall Knowledge}. You must have a hand free to do so. The tome appears in your hand, open to an appropriate page. This grants you a +1 status bonus on the {@action Recall Knowledge} check. If you roll a critical failure on this check, you get a failure instead. If the roll is successful and the subject is a creature, you gain additional information or context about the creature. Once you reference a book from your pocket library, the spell ends.""]","{""X"": {""3"": [""The status bonus increases to +2 and you can reference your pocket library twice before the spell ends.""], ""6"": [""The status bonus increases to +3 you can reference your pocket library three times before the spell ends.""], ""9"": [""The status bonus increases to +4 and you can reference your pocket library four times before the spell ends.""]}}",,,,,2,15
true,spells-arcane-class,Dehydrate,RoE,True,118,1,"[""concentrate"", ""fire"", ""manipulate""]","[""arcane"", ""primal""]",,"{""number"": 2, ""unit"": ""action""}","[[""S"", ""V""]]","{""unit"": ""feet"", ""number"": 30}",,"{""entry"": ""5-foot burst"", ""types"": [""Burst""]}","{""number"": 1, ""unit"": ""minute""}","{""type"": [""F""], ""entry"": ""Fortidue (see text)""}","[""You stir the inner fire of all things within the area, driving out moisture. All creatures in the area take {@damage 1d6} {@condition persistent damage||persistent fire damage} with a basic Fortitude save; creatures with the {@trait water} or {@trait plant} traits get a result one degree of success worse than they rolled. The spell ends for a creature when its {@condition persistent damage} ends."", ""A creature affected by dehydrate attempts an additional Fortitude save at the end of each of its turns, before rolling to recover from the {@condition persistent damage}. It can forgo this additional save if it consumed water or a similar hydrating liquid within the last round (drinking typically requires a single action)."", {""type"": ""successDegree"", ""entries"": {""Success"": [""The creature takes no additional effect.""], ""Failure"": [""The creature is {@condition enfeebled||enfeebled 1} until the end of its next turn.""], ""Critical Failure"": [""The creature is {@condition enfeebled||enfeebled 2} until the end of its next turn.""]}}]","{""plusX"": {""2"": [""The range increases by 10 feet, the burst increases by 5 feet, and the {@condition persistent damage||persistent fire damage} increases by {@damage 3d6}.""]}}",,,,,2,15
true,spells-arcane-class,Blood Vendetta,PC1,True,318,2,"[""curse""]","[""arcane"", ""divine"", ""occult""]",,"{""number"": 1, ""unit"": ""reaction""}",,"{""number"": 30, ""unit"": ""feet""}",the triggering creature,,"{""entry"": ""varies"", ""unit"": ""special""}","{""type"": [""W""]}","[""You curse the target, punishing it for having the audacity to spill your blood. The target takes {@damage 2d6} {@condition persistent damage|PC1|persistent bleed damage} and must attempt a Will save."", {""type"": ""successDegree"", ""entries"": {""Critical Success"": ""The target is unaffected."", ""Success"": ""The target takes half the {@condition persistent damage|PC1|persistent bleed damage}."", ""Failure"": ""The target takes the full {@condition persistent damage|PC1|persistent bleed damage}. Until the bleeding stops, the target has weakness 1 to piercing and slashing damage."", ""Critical Failure"": ""As failure, but the target takes double the {@condition persistent damage|PC1|persistent bleed damage}.""}}]","{""plusX"": {""2"": [""The {@condition persistent damage|PC1|persistent bleed damage} increases by {@dice 2d6}.""]}}",,,"A creature deals piercing, slashing, or {@condition persistent damage|PC1|persistent bleed damage} to you",,6,18
true,spells-arcane-class,Enlarge,PC1,True,329,2,"[""concentrate"", ""manipulate"", ""polymorph""]","[""arcane"", ""primal""]",,"{""number"": 2, ""unit"": ""action""}",,"{""number"": 30, ""unit"": ""feet""}",1 willing creature,,"{""number"": 5, ""unit"": ""minute""}",,"[""Bolstered by magical power, the target grows to size Large. Its equipment grows with it but returns to natural size if removed. The creature is {@condition clumsy 1|PC1}. Its reach increases by 5 feet (or by 10 feet if it started out Tiny), and it gains a +2 status bonus to melee damage. This spell has no effect on a Large or larger creature.""]","{""X"": {""4"": [""The creature instead grows to size Huge. The status bonus to melee damage is +4 and the creature's reach increases by 10 feet (or 15 feet if the creature started out Tiny). The spell has no effect on a Huge or larger creature.""], ""6"": [""Choose either the 2nd-level or 4th-level version of this spell and apply its effects to 10 willing creatures.""]}}",,,,,6,18
true,spells-arcane-class,Invisibility,PC1,True,339,2,"[""illusion"", ""manipulate"", ""subtle""]","[""arcane"", ""occult""]",,"{""number"": 2, ""unit"": ""action""}",,"{""number"": 1, ""unit"": ""touch""}",1 creature,,"{""number"": 10, ""unit"": ""minute""}",,"[""Illusions bend light around the target, rendering it {@condition invisible|PC1}. This makes it {@condition undetected|PC1} to all creatures, though the creatures can attempt to find the target, making it {@condition hidden|PC1} to them instead. If the target uses a {@condition hostile|PC1} action, the spell ends after that hostile action is completed.""]","{""X"": {""4"": [""The spell lasts 1 minute, but it doesn't end if the target uses a {@condition hostile|PC1} action.""]}}",,,,,6,18
true,spells-arcane-class,Laughing Fit,PC1,True,340,2,"[""concentrate"", ""emotion"", ""manipulate"", ""mental""]","[""arcane"", ""occult""]",,"{""number"": 2, ""unit"": ""action""}",,"{""number"": 30, ""unit"": ""feet""}",1 living creature,,"{""unit"": ""unlimited"", ""sustained"": true}","{""type"": [""W""]}","[""The target is overtaken with uncontrollable laughter. It must attempt a Will save."", {""type"": ""successDegree"", ""entries"": {""Critical Success"": ""The target is unaffected."", ""Success"": ""The target is plagued with uncontrollable laugher. It can't use reactions."", ""Failure"": ""The target is {@condition slowed 1|PC1} and can't use reactions."", ""Critical Failure"": ""The target falls {@condition prone|PC1} and can't use actions or reactions for 1 round. It then suffers the failure effects.""}}]",,,,,,6,18
true,spells-arcane-class,Thermal Remedy,RoE,True,121,2,"[""concentrate"", ""fire"", ""manipulate""]","[""arcane"", ""divine"", ""primal""]",,"{""number"": 1, ""unit"": ""minute""}",,"{""unit"": ""touch""}",up to 1 gallon of non-magical liquid or up to 5 pounds of food,,"{""number"": 1, ""unit"": ""hour""}",,"[""You adjust the delicate levels of bitter ingredients in food and drink to draw out their full restorative and fortifying properties. Choose one of the benefits listed below. Any creature that consumes the targeted drink or food gains that benefit. Up to 10 creatures can partake in the meal, and a creature gets no extra benefit for consuming more than one portion."", {""type"": ""list"", ""items"": [""Gain 5 temporary Hit Points."", ""Gain resistance 2 to fire."", ""Gain a +1 circumstance bonus to saves against disease.""]}]","{""X"": {""4"": [""Your remedy provides two benefits of your choice instead of one. The temporary Hit Points increase to 10, the resistance to fire increases to 3, the bonus against disease increases to +2, and the duration is 2 hours.""], ""7"": [""The remedy provides all three benefits. The temporary Hit Points increase to 15, the resistance to fire increases to 5, the bonus against disease increases to +3, and the duration is 8 hours.""]}}",,,,,6,18
true,spells-arcane-class,Fireball,PC1,True,331,3,"[""concentrate"", ""fire"", ""manipulate""]","[""arcane"", ""primal""]","[""Elemental""]","{""number"": 2, ""unit"": ""action""}",,"{""number"": 500, ""unit"": ""feet""}",,"{""types"": [""Burst""], ""entry"": ""20-foot burst""}",,"{""type"": [""R""], ""basic"": true}","[""A roaring blast of fire appears at a spot you designate, dealing {@damage 6d6} fire damage.""]","{""plusX"": {""1"": [""The damage increases by {@scaledamage 6d6|3-10|2d6}.""]}}",,,,,16,20
true,spells-arcane-class,Wall of Thorns,PC1,True,367,3,"[""concentrate"", ""manipulate"", ""plant"", ""wood""]","[""arcane"", ""primal""]",,"{""number"": 3, ""unit"": ""action""}",,"{""number"": 60, ""unit"": ""feet""}",,,"{""number"": 1, ""unit"": ""minute""}",,"[""Over the course of a minute, you cause a thick wall of thorny brambles to grow from the ground. You create a 5-footthick wall of brambles and thorns in a straight line up to 60 feet long and 10 feet high. You must create the wall in an unbroken open space so its edges don't pass through any creatures or objects, or the spell is lost. The wall stands vertically. If you wish, the wall can be of a shorter length or height. Everything on each side of the wall has cover from creatures on the opposite side, and the wall's spaces are {@quickref difficult terrain||3|terrain}. For every move action a creature uses to enter at least one of the wall's spaces, that creature takes {@damage 3d4} piercing damage."", ""Each 10-foot-by-10-foot section of the wall has AC 10, Hardness 10, and 20 Hit Points. It's immune to critical hits and precision damage. A destroyed section can be moved through freely.""]","{""plusX"": {""1"": [""The Hit Points of each section of the wall increase by 5, and the piercing damage increases by {@scaledamage 3d4|3-10|1d4}.""]}}",,,,,16,20
true,spells-arcane-class,Roaring Applause,SoM,False,126,3,"[""emotion"", ""enchantment"", ""mental""]","[""arcane"", ""divine"", ""occult""]",,"{""number"": 2, ""unit"": ""action""}","[[""S"", ""V""]]","{""number"": 60, ""unit"": ""feet""}",1 creature,,"{""unit"": ""unlimited"", ""sustained"": true}","{""type"": [""W""]}","[""Your flamboyant flourish invokes such powerful feelings in your audience that you incite cheers and applause."", ""Targets of this spell must be able to see, hear, or otherwise understand you. The targets must attempt a Will save."", {""type"": ""successDegree"", ""entries"": {""Critical Success"": ""The target is unaffected."", ""Success"": ""The target becomes mildly distracted by your display and applauds while it isn't fully occupied. It can't use reactions."", ""Failure"": ""The target applauds you so vigorously that it can't use reactions and is {@condition slowed 1}. The applause is so involved that it has the {@trait manipulate} trait. This triggers reactions based on the {@trait manipulate} trait at the start of the target's turn."", ""Critical Failure"": ""As failure, plus the target is so distracted by its vigorous applauding of you that it's {@condition fascinated} with you.""}}]","{""X"": {""6"": [""You can target up to 10 creatures.""]}}",,,,,16,20
true,spells-arcane-class,Tailwind,PC1,True,362,1,"[""air"", ""concentrate"", ""manipulate""]","[""arcane"", ""primal""]",,"{""number"": 2, ""unit"": ""action""}",,,,,"{""number"": 1, ""unit"": ""hour""}",,"[""The wind at your back pushes you to find new horizons. You gain a +10-foot status bonus to your Speed.""]","{""X"": {""2"": [""The duration increases to 8 hours.""]}}",,,,,2,15
true,spells-occult-archtype,Guidance,CRB,False,342,0,"[""cantrip"", ""divination""]","[""divine"", ""occult"", ""primal""]",,"{""number"": 1, ""unit"": ""action""}","[[""V""]]","{""number"": 30, ""unit"": ""feet""}",1 creature,,"{""entry"": ""until the start of your next turn"", ""number"": 1, ""unit"": ""round""}",,"[""You ask for divine guidance, granting the target a +1 status bonus to one attack roll, {@skill Perception} check, saving throw, or skill check the target attempts before the duration ends. The target chooses which roll to use the bonus on before rolling."", ""If the target uses the bonus, the spell ends. Either way, the target is then temporarily immune for 1 hour.""]",,,,,,2,15
